部门名称,办公室-位置,地面,桌面摆放,文件资料,电器设备,办公椅,窗台,整体印象,总评分
,,地面干净整洁，无垃圾、污渍、水渍,物品摆放整齐，无私人物品，无杂物堆积,文件资料分类明确，标识清晰，易于查找,电器设备摆放整齐，无积尘，电线不杂乱,办公椅摆放整齐，无损坏，无污渍,窗台无灰尘、无杂物摆放，玻璃明亮,办公室整体整洁有序，环境优美,
,,20,20,10分,20分,10分,10分,10分,
经营管控中心,经营管控中心-行政办公楼1楼,,,,,,,,
,经营管控中心-行政办公楼2楼,,,,,,,,
供应二部,钢后科-行政办公楼1楼,,,,,,,,
,燃料科2-行政办公楼1楼,,,,,,,,
,燃料科3-行政办公楼1楼,,,,,,,,
,辅料科-行政办公楼2楼第一排和第二排,,,,,,,,
供应一部,业务员大办公室-行政办公楼2楼第三排和第四排,,,,,,,,
,经业务员小办公室-行政办公楼2楼,,,,,,,,
销售部,业务员办公室-行政办公楼3楼,,,,,,,,
,合同管理员-行政办公楼3楼,,,,,,,,
,销售副产品-行政办公楼3楼和精益推进办公室在一间,,,,,,,,
人力资源部,招聘配置科-行政办公楼3楼,,,,,,,,
,薪酬科-行政办公楼3楼,,,,,,,,
企管部,办公室-行政办公楼4楼最北边,,,,,,,,
,精益推进办公室-行政办公楼3楼和销售副产品在一间,,,,,,,,
审计监察部,办公室-行政办公楼4楼中间和最靠南位置,,,,,,,,
财务部,资产科/财务二-行政办公楼4楼,,,,,,,,
,结算中心/财务三-行政办公楼4楼,,,,,,,,
,成本科/财务办公室-行政办公楼5楼,,,,,,,,
法务部,办公室-行政办公楼5楼,,,,,,,,
总经办,办公室-行政办公楼5楼,,,,,,,,
监察部,办公室-行政办公楼5楼,,,,,,,,
外矿部,办公室-行政办公楼5楼,,,,,,,,
"财务部
",三级账2-工程部办公楼2楼,,,,,,,,
,计量科理票室-工程部办公楼2楼,,,,,,,,
,票据审核室-工程部办公楼2楼,,,,,,,,
,经营核算科-工程部办公楼3楼,,,,,,,,
预算部,预算1-工程部办公楼2楼,,,,,,,,
,预算2-工程部办公楼2楼,,,,,,,,
,预算3-工程部办公楼2楼,,,,,,,,
公司办公室,文印室-工程部办公楼1楼,,,,,,,,
,办公室-工程部办公楼2楼,,,,,,,,
,资料室-工程部办公楼3楼,,,,,,,,
工程审计,科长办公室-工程部办公楼3楼,,,,,,,,
,科员办公室-工程部办公楼3楼,,,,,,,,
,,,,,,,,,
,,,,,,,,,
,,,,,,,,,
,,,,,,,,,
,,,,,,,,,
,,,,,,,,,
,,,,,,,,,
,,,,,,,,,
,,,,,,,,,
,,,,,,,,,
,,,,,,,,,
,,,,,,,,,
,,,,,,,,,
,,,,,,,,,
,,,,,,,,,
,,,,,,,,,
,,,,,,,,,
,,,,,,,,,
,,,,,,,,,
,,,,,,,,,
,,,,,,,,,
,,,,,,,,,
,,,,,,,,,
,,,,,,,,,
,,,,,,,,,
,,,,,,,,,
,,,,,,,,,
,,,,,,,,,
,,,,,,,,,
,,,,,,,,,
,,,,,,,,,
,,,,,,,,,
,,,,,,,,,
,,,,,,,,,
,,,,,,,,,
,,,,,,,,,
,,,,,,,,,
,,,,,,,,,
,,,,,,,,,
,,,,,,,,,
,,,,,,,,,
,,,,,,,,,
,,,,,,,,,
,,,,,,,,,
,,,,,,,,,
,,,,,,,,,
,,,,,,,,,
,,,,,,,,,
,,,,,,,,,
,,,,,,,,,
,,,,,,,,,
,,,,,,,,,
,,,,,,,,,
,,,,,,,,,
,,,,,,,,,
,,,,,,,,,
,,,,,,,,,
,,,,,,,,,
,,,,,,,,,
,,,,,,,,,
,,,,,,,,,
,,,,,,,,,
,,,,,,,,,
,,,,,,,,,
,,,,,,,,,
,,,,,,,,,
,,,,,,,,,
,,,,,,,,,
,,,,,,,,,
,,,,,,,,,
,,,,,,,,,
,,,,,,,,,
,,,,,,,,,
,,,,,,,,,
,,,,,,,,,
,,,,,,,,,
,,,,,,,,,
,,,,,,,,,
,,,,,,,,,
,,,,,,,,,
,,,,,,,,,
,,,,,,,,,
,,,,,,,,,
,,,,,,,,,
,,,,,,,,,
,,,,,,,,,
,,,,,,,,,
,,,,,,,,,
,,,,,,,,,
,,,,,,,,,
,,,,,,,,,
,,,,,,,,,
,,,,,,,,,
,,,,,,,,,
,,,,,,,,,
,,,,,,,,,
,,,,,,,,,
,,,,,,,,,
,,,,,,,,,
,,,,,,,,,
,,,,,,,,,
,,,,,,,,,
